id,name,name_ja,name_en,address_example,address_example_ja,address_example_en,fit_reason,fit_reason_ja,fit_reason_en,map_url,keywords,keywords_ja,keywords_en,candidate_locations_json,status
SITE-001,团地边缘空地,団地縁辺空地,Design topic: 团地边缘空地,东京都板桥区｜高岛平团地与高岛平地域,東京都板橋区｜高島平団地・高島平地域,Tokyo Itabashi | Takashimadaira Danchi area,住户高龄化明显且公共空间常被低效使用，适合植入照护、共食、育儿和小商业混合节点。,団地縁辺空地は、団地・高齢・公共空間・ケアを空間化しやすい敷地タイプ。周辺の既存資源、日常利用、公共性を読み取り、卒業設計の候補地として比較できる。,"Design topic: 团地边缘空地 is a site type that can turn Design topic: 团地, aging, publicspace, care into a spatial proposal. It helps compare existing resources, daily use, and publicness for a thesis project.",,团地|高龄|公共空间|照护|共食|老龄化,団地|高齢|公共空間|ケア|共食|高齢化,Design topic: 团地|aging|publicspace|care|shared meals,"[{""area"":""东京都板桥区"",""area_ja"":""東京都板橋区"",""area_en"":""Tokyo Itabashi"",""name"":""高岛平团地与高岛平地域"",""name_ja"":""高島平団地・高島平地域"",""name_en"":""Takashimadaira Danchi area"",""angle"":""大型团地、户外公共空间和社区营造据点集中，适合调研高龄者看护与共食。"",""angle_ja"":""大型団地、屋外空間、まちづくり拠点を合わせて、高齢者の見守りと共食を調査しやすい。"",""angle_en"":""Large housing estate, open space, and community planning bases make it suitable for aging-care research."",""source_url"":""https://www.ur-net.go.jp/chintai/kanto/tokyo/20_2250.html""},{""area"":""东京都北区"",""area_ja"":""東京都北区"",""area_en"":""Tokyo Kita"",""name"":""赤羽台团地再生周边"",""name_ja"":""ヌーヴェル赤羽台周辺"",""name_en"":""Nouvelle Akabanedai area"",""angle"":""可观察团地更新与生活服务之间的关系，把低层和空地转化为地域照护节点。"",""angle_ja"":""団地再生と生活サービスの関係を読み、低層部や余白を地域ケアへ展開できる。"",""angle_en"":""Useful for studying how estate renewal can connect ground floors and open space to care services."",""source_url"":""https://note.ur-net.go.jp/n/n232ec2b13763?hl=en""}]",published
SITE-002,商店街空铺,商店街空き店舗,Design topic: 商店街空铺,东京都世田谷区｜下北泽 BONUS TRACK,東京都世田谷区｜BONUS TRACK 下北沢,Tokyo Setagaya | BONUS TRACK Shimokitazawa,仍有步行人流和生活记忆，空铺尺度适中，适合社区厨房、咨询站与小型公共客厅。,商店街空き店舗は、商店街・歩行・更新・公共リビングを空間化しやすい敷地タイプ。周辺の既存資源、日常利用、公共性を読み取り、卒業設計の候補地として比較できる。,"Design topic: 商店街空铺 is a site type that can turn Design topic: 商店街, Design topic: 步行, renewal, public living room into a spatial proposal. It helps compare existing resources, daily use, and publicness for a thesis project.",,商店街|步行|更新|公共客厅|社区厨房|咨询|公共性,商店街|歩行|更新|公共リビング|コミュニティキッチン|相談|公共性,Design topic: 商店街|Design topic: 步行|renewal|public living room|communitykitchen|consultation|publicness,"[{""area"":""东京都世田谷区"",""area_ja"":""東京都世田谷区"",""area_en"":""Tokyo Setagaya"",""name"":""下北泽 BONUS TRACK"",""name_ja"":""BONUS TRACK 下北沢"",""name_en"":""BONUS TRACK Shimokitazawa"",""angle"":""小店铺、步行路径和停留空间混合，适合研究商店街尺度的公共客厅。"",""angle_ja"":""小店舗、歩行路、滞在が混ざるため、商店街の小さな公共性を読みやすい。"",""angle_en"":""Small shops, walkways, and stay spaces help study publicness at shopping-street scale."",""source_url"":""https://tbma.jp/en/works/bonus-track/""},{""area"":""东京都世田谷区"",""area_ja"":""東京都世田谷区"",""area_en"":""Tokyo Setagaya"",""name"":""下北泽 MIKAN SHIMOKITA"",""name_ja"":""MIKAN SHIMOKITA"",""name_en"":""MIKAN SHIMOKITA"",""angle"":""可把高架下店铺群作为通行、餐饮、工作与活动重叠的街区来比较。"",""angle_ja"":""高架下の店舗群を、通過、飲食、仕事、イベントが重なる街区として比較できる。"",""angle_en"":""A rail-adjacent retail cluster for comparing passage, food, work, and event uses."",""source_url"":""https://tjda.com/en/projects/mikan-shimokita""}]",published
SITE-003,空屋住宅群,空き家住宅群,Design topic: vacant house住宅群,广岛县尾道市｜尾道空屋再生项目周边,広島県尾道市｜尾道空き家再生プロジェクト周辺,Onomichi Hiroshima | Onomichi Akiya Saisei area,旧住宅可低成本改造，适合共居、短住、日间照护和地方交流型题目。,空き家住宅群は、空き家・再生・住宅・短期滞在を空間化しやすい敷地タイプ。周辺の既存資源、日常利用、公共性を読み取り、卒業設計の候補地として比較できる。,"Design topic: vacant house住宅群 is a site type that can turn vacant house, regeneration, Design topic: 住宅, Design topic: 短住 into a spatial proposal. It helps compare existing resources, daily use, and publicness for a thesis project.",,空屋|再生|住宅|短住|地方创生,空き家|再生|住宅|短期滞在|地域創生,vacant house|regeneration|Design topic: 住宅|Design topic: 短住|local revitalization,"[{""area"":""广岛县尾道市"",""area_ja"":""広島県尾道市"",""area_en"":""Onomichi Hiroshima"",""name"":""尾道空屋再生项目周边"",""name_ja"":""尾道空き家再生プロジェクト周辺"",""name_en"":""Onomichi Akiya Saisei area"",""angle"":""坡道、空屋、短期停留和地域活动叠加，适合作为住宅再利用题目的调研入口。"",""angle_ja"":""坂道、空き家、短期滞在、地域活動が重なり、既存住宅の再利用を考えやすい。"",""angle_en"":""Slope town, vacant houses, short stay, and local activity make reuse questions tangible."",""source_url"":""https://www.onomichisaisei.com/""},{""area"":""京都府京都市"",""area_ja"":""京都府京都市"",""area_en"":""Kyoto City"",""name"":""京都安心住居空屋银行相关地域"",""name_ja"":""京都安心すまいバンク対象地域"",""name_en"":""Kyoto Anshin Sumai Bank areas"",""angle"":""可从町家和空屋流通支援出发，研究居住与地域利用的再编辑。"",""angle_ja"":""町家や空き家の流通支援を手がかりに、居住と地域利用の再編集を検討できる。"",""angle_en"":""A public vacant-house platform for studying housing reuse and local program insertion."",""source_url"":""https://akiya.city.kyoto.lg.jp/ansuma-bank/""}]",published
SITE-004,车站周边缝隙地,駅周辺隙間地,Design topic: station周边缝隙地,东京都国分寺市｜国分寺 cocobunji Plaza 周边,東京都国分寺市｜cocobunjiプラザ周辺,Tokyo Kokubunji | cocobunji Plaza area,交通可达性高但空间常碎片化，适合候车、咨询、学习和夜间安全节点。,駅周辺隙間地は、駅・隙間地・公共サービス・夜間安全を空間化しやすい敷地タイプ。周辺の既存資源、日常利用、公共性を読み取り、卒業設計の候補地として比較できる。,"Design topic: station周边缝隙地 is a site type that can turn station, Design topic: 缝隙地, public service, nightsafety into a spatial proposal. It helps compare existing resources, daily use, and publicness for a thesis project.",,车站|缝隙地|公共服务|夜间安全|第三空间|咨询|交通,駅|隙間地|公共サービス|夜間安全|第三空間|相談|交通,station|Design topic: 缝隙地|public service|nightsafety|third place|consultation|transport,"[{""area"":""东京都国分寺市"",""area_ja"":""東京都国分寺市"",""area_en"":""Tokyo Kokubunji"",""name"":""国分寺 cocobunji Plaza 周边"",""name_ja"":""cocobunjiプラザ周辺"",""name_en"":""cocobunji Plaza area"",""angle"":""可参考车站前公共服务、市民活动、等待空间叠合的场地组织。"",""angle_ja"":""駅前の公共サービス、市民活動、待合を重ねる敷地読みの参考になる。"",""angle_en"":""A station-front civic hub for studying service, waiting, and community activity."",""source_url"":""https://www.city.kokubunji.tokyo.jp/shisetsu/shikanren/hall/1017572.html""},{""area"":""东京都港区"",""area_ja"":""東京都港区"",""area_en"":""Tokyo Minato"",""name"":""高轮Gateway站周边"",""name_ja"":""高輪ゲートウェイ駅周辺"",""name_en"":""Takanawa Gateway Station area"",""angle"":""适合观察新车站周边广场、移动和城市入口之间的关系。"",""angle_ja"":""新駅周辺の広場、移動、都市入口の関係を卒業設計の敷地条件として読める。"",""angle_en"":""Useful for reading station plazas, mobility, and an urban gateway as site conditions."",""source_url"":""https://kkaa.co.jp/en/project/takanawa-gateway-station/""}]",published
SITE-005,废校或闲置校舍,廃校または遊休校舍,Design topic: 废校或闲置校舍,高知县室户市｜室户废校水族馆,高知県室戸市｜むろと廃校水族館,Muroto Kochi | Muroto Schoolhouse Aquarium,教室、操场和社区记忆完整，适合学习、避难、展览和多代交流复合使用。,廃校または遊休校舍は、廃校・学習・避難・子どもを空間化しやすい敷地タイプ。周辺の既存資源、日常利用、公共性を読み取り、卒業設計の候補地として比較できる。,"Design topic: 废校或闲置校舍 is a site type that can turn Design topic: 废校, learning, evacuation, children into a spatial proposal. It helps compare existing resources, daily use, and publicness for a thesis project.",,废校|学习|避难|儿童|生活支持,廃校|学習|避難|子ども|生活支援,Design topic: 废校|learning|evacuation|children|Design topic: 生活支持,"[{""area"":""高知县室户市"",""area_ja"":""高知県室戸市"",""area_en"":""Muroto Kochi"",""name"":""室户废校水族馆"",""name_ja"":""むろと廃校水族館"",""name_en"":""Muroto Schoolhouse Aquarium"",""angle"":""旧小学的教室、泳池和地域资源被再利用，适合作为废校转用调研对象。"",""angle_ja"":""旧小学校の教室、プール、地域資源を活用した転用事例として調査しやすい。"",""angle_en"":""A former school reuse case with classrooms, pool, and local marine resources."",""source_url"":""https://www.city.muroto.kochi.jp/pages/page0343.php""},{""area"":""东京都世田谷区"",""area_ja"":""東京都世田谷区"",""area_en"":""Tokyo Setagaya"",""name"":""HOME/WORK VILLAGE（旧池尻中学）"",""name_ja"":""HOME/WORK VILLAGE（旧池尻中学校）"",""name_en"":""HOME/WORK VILLAGE"",""angle"":""把废校转成店铺、学习、工作和广场复合设施，适合研究校舍再利用。"",""angle_ja"":""廃校を店舗、学び、働く場、広場へ変えた複合利用の参考になる。"",""angle_en"":""A former junior high converted into retail, learning, work, and public event spaces."",""source_url"":""https://www.city.setagaya.lg.jp/03647/25215.html""}]",published
SITE-006,河边或运河沿线,河辺または運河沿線,Design topic: 河边或运河沿线,东京都墨田区・台东区｜隅田川Terrace周边,東京都墨田区・台東区｜隅田川テラス周辺,Tokyo Sumida and Taito | Sumida River Terrace,具有景观与防灾双重议题，可连接环境教育、避难和日常散步空间。,河辺または運河沿線は、水辺・防災・生態・避暑を空間化しやすい敷地タイプ。周辺の既存資源、日常利用、公共性を読み取り、卒業設計の候補地として比較できる。,"Design topic: 河边或运河沿线 is a site type that can turn waterfront, disaster prevention, Design topic: 生态, Design topic: 避暑 into a spatial proposal. It helps compare existing resources, daily use, and publicness for a thesis project.",,水边|防灾|生态|避暑|观光,水辺|防災|生態|避暑|観光,waterfront|disaster prevention|Design topic: 生态|Design topic: 避暑|tourism,"[{""area"":""东京都墨田区・台东区"",""area_ja"":""東京都墨田区・台東区"",""area_en"":""Tokyo Sumida and Taito"",""name"":""隅田川Terrace周边"",""name_ja"":""隅田川テラス周辺"",""name_en"":""Sumida River Terrace"",""angle"":""可观察水边步行、休息和防灾意识如何被日常化。"",""angle_ja"":""水辺の歩行、休憩、防災意識を日常空間として観察しやすい。"",""angle_en"":""A riverfront for reading walking, rest, and disaster awareness as daily space."",""source_url"":""https://www.tokyoupdates.metro.tokyo.lg.jp/en/post-1729/""},{""area"":""神奈川县横滨市"",""area_ja"":""神奈川県横浜市"",""area_en"":""Yokohama Kanagawa"",""name"":""横滨 Hammerhead 周边"",""name_ja"":""横浜ハンマーヘッド周辺"",""name_en"":""Yokohama Hammerhead area"",""angle"":""港口、商业、观光和散步互相邻接，适合作为水边停留节点参考。"",""angle_ja"":""港、商業、観光、散歩が近接し、水辺の滞在拠点として比較できる。"",""angle_en"":""Port, commerce, tourism, and walking paths overlap at a waterfront node."",""source_url"":""https://www.hammerhead.co.jp/""}]",published
SITE-007,老旧团地底层,老朽化した団地低層部,Design topic: 老旧团地底层,东京都板桥区｜高岛平团地低层和商铺区,東京都板橋区｜高島平団地低層部・商店区画,Tokyo Itabashi | Takashimadaira Danchi lower floors,底层空间接近日常动线，可承接照护、食堂、托育和轻商业功能。,老朽化した団地低層部は、団地・低層部・多世代・ケアを空間化しやすい敷地タイプ。周辺の既存資源、日常利用、公共性を読み取り、卒業設計の候補地として比較できる。,"Design topic: 老旧团地底层 is a site type that can turn Design topic: 团地, Design topic: 底层, Design topic: 代际, care into a spatial proposal. It helps compare existing resources, daily use, and publicness for a thesis project.",,团地|底层|代际|照护|共享食堂|高龄,団地|低層部|多世代|ケア|シェア食堂|高齢,Design topic: 团地|Design topic: 底层|Design topic: 代际|care|shareddining room|aging,"[{""area"":""东京都板桥区"",""area_ja"":""東京都板橋区"",""area_en"":""Tokyo Itabashi"",""name"":""高岛平团地低层和商铺区"",""name_ja"":""高島平団地低層部・商店区画"",""name_en"":""Takashimadaira Danchi lower floors"",""angle"":""靠近团地日常动线，适合构想咨询、食堂和见守小节点。"",""angle_ja"":""団地の生活動線に近く、相談、食堂、見守りの小拠点を考えやすい。"",""angle_en"":""Close to daily estate circulation, suitable for care, dining, and watch-over nodes."",""source_url"":""https://www.ur-net.go.jp/news/20260407_touchin.takashimadaira.html""},{""area"":""大阪府吹田市・丰中市"",""area_ja"":""大阪府吹田市・豊中市"",""area_en"":""Suita and Toyonaka Osaka"",""name"":""千里New Town・千里Green Hills"",""name_ja"":""千里ニュータウン・千里グリーンヒルズ"",""name_en"":""Senri New Town and Senri Green Hills"",""angle"":""可从更新后的户外空间和共用部读取多世代利用的设计条件。"",""angle_ja"":""建替え後の屋外空間や共用部から、多世代利用の設計条件を読み取れる。"",""angle_en"":""A renewal area for studying shared space and intergenerational use after estate rebuilding."",""source_url"":""https://www.ur-net.go.jp/rd_portal/awards/senrinyu-town.html""}]",published
SITE-008,社区公民馆周边,コミュニティ公民館周辺,Design topic: community公民馆周边,爱知县丰川市｜小坂井生涯学习中心・葵风馆,愛知県豊川市｜小坂井生涯学習センター・こざかい葵風館,Toyokawa Aichi | Kozakai Kifukan Community Center,已有公共使用习惯，适合扩展为学习、咨询和防灾复合的节点网络。,コミュニティ公民館周辺は、公民館・コミュニティ・増築・学習を空間化しやすい敷地タイプ。周辺の既存資源、日常利用、公共性を読み取り、卒業設計の候補地として比較できる。,"Design topic: community公民馆周边 is a site type that can turn Design topic: 公民馆, community, Design topic: 扩建, learning into a spatial proposal. It helps compare existing resources, daily use, and publicness for a thesis project.",,公民馆|社区|扩建|学习|咨询,公民館|コミュニティ|増築|学習|相談,Design topic: 公民馆|community|Design topic: 扩建|learning|consultation,"[{""area"":""爱知县丰川市"",""area_ja"":""愛知県豊川市"",""area_en"":""Toyokawa Aichi"",""name"":""小坂井生涯学习中心・葵风馆"",""name_ja"":""小坂井生涯学習センター・こざかい葵風館"",""name_en"":""Kozakai Kifukan Community Center"",""angle"":""公民馆、图书和地域活动接近，适合思考既有公共设施更新。"",""angle_ja"":""公民館、図書、地域活動が近く、既存公共施設の増築や更新を考えやすい。"",""angle_en"":""A community center model for reading civic learning, library, and local activity together."",""source_url"":""https://www.c-and-a.co.jp/en/projects/kozakaikifukan/""},{""area"":""神奈川县海老名市"",""area_ja"":""神奈川県海老名市"",""area_en"":""Ebina Kanagawa"",""name"":""有马图书馆・门泽桥社区中心"",""name_ja"":""有馬図書館・門沢橋コミュニティセンター"",""name_en"":""Arima Library and Community Center"",""angle"":""从图书馆和社区中心复合中学习地域据点的再组织。"",""angle_ja"":""図書館とコミュニティセンターの複合から、地域拠点の再編を学べる。"",""angle_en"":""A combined library and community center for studying civic facility renewal."",""source_url"":""https://www.arimalib-kadokomi.com/""}]",published
SITE-009,旧仓库或小工厂,旧倉庫または小工場,Design topic: 旧仓库或小工厂,神奈川县横滨市｜横滨红砖仓库,神奈川県横浜市｜横浜赤レンガ倉庫,Yokohama Kanagawa | Yokohama Red Brick Warehouse,结构开敞且改造容忍度高，适合创作、展示、开放工厂和产业交流。,旧倉庫または小工場は、旧工業地・倉庫・創作・生産展示を空間化しやすい敷地タイプ。周辺の既存資源、日常利用、公共性を読み取り、卒業設計の候補地として比較できる。,"Design topic: 旧仓库或小工厂 is a site type that can turn Design topic: 旧工业地, Design topic: 仓库, creative production, Design topic: 生产exhibition into a spatial proposal. It helps compare existing resources, daily use, and publicness for a thesis project.",,旧工业地|仓库|创作|生产展示|产业再生,旧工業地|倉庫|創作|生産展示|産業再生,Design topic: 旧工业地|Design topic: 仓库|creative production|Design topic: 生产exhibition|industryregeneration,"[{""area"":""神奈川县横滨市"",""area_ja"":""神奈川県横浜市"",""area_en"":""Yokohama Kanagawa"",""name"":""横滨红砖仓库"",""name_ja"":""横浜赤レンガ倉庫"",""name_en"":""Yokohama Red Brick Warehouse"",""angle"":""保留仓库记忆并开放为展览、店铺和广场，适合产业遗产转用研究。"",""angle_ja"":""倉庫の記憶を残しながら展示、店舗、広場へ開く転用事例として読める。"",""angle_en"":""A warehouse reuse reference that connects memory, exhibition, shops, and plazas."",""source_url"":""https://www.yokohamajapan.com/things-to-do/detail.php?bbid=184""},{""area"":""神奈川县横滨市"",""area_ja"":""神奈川県横浜市"",""area_en"":""Yokohama Kanagawa"",""name"":""黄金町高架下 Studio Site-B 周边"",""name_ja"":""黄金町高架下スタジオSite-B周辺"",""name_en"":""Koganecho under-rail studios"",""angle"":""可从高架下小型制作室和展厅研究创作活动与治安再生的关系。"",""angle_ja"":""高架下の小さな制作室や展示室から、創作と治安再生の関係を調査できる。"",""angle_en"":""Under-rail studios support research into production spaces and neighborhood repair."",""source_url"":""https://artnavi.yokohama/art-spot/792/""}]",published
SITE-010,避难指定设施周边,避難指定施設周辺,Design topic: evacuation指定facility周边,东京都江东区｜东京临海广域防灾公园・Sona Area Tokyo,東京都江東区｜東京臨海広域防災公園・そなエリア東京,Tokyo Koto | Tokyo Rinkai Disaster Prevention Park,可把灾时避难和平时社区活动结合，适合研究储备、信息和照护支持空间。,避難指定施設周辺は、防災・避難・平時利用と災害対応・備蓄を空間化しやすい敷地タイプ。周辺の既存資源、日常利用、公共性を読み取り、卒業設計の候補地として比較できる。,"Design topic: evacuation指定facility周边 is a site type that can turn disaster prevention, evacuation, Design topic: 平灾结合, Design topic: 储备 into a spatial proposal. It helps compare existing resources, daily use, and publicness for a thesis project.",,防灾|避难|平灾结合|储备|信息,防災|避難|平時利用と災害対応|備蓄|情報,disaster prevention|evacuation|Design topic: 平灾结合|Design topic: 储备|Design topic: 信息,"[{""area"":""东京都江东区"",""area_ja"":""東京都江東区"",""area_en"":""Tokyo Koto"",""name"":""东京临海广域防灾公园・Sona Area Tokyo"",""name_ja"":""東京臨海広域防災公園・そなエリア東京"",""name_en"":""Tokyo Rinkai Disaster Prevention Park"",""angle"":""广域防灾、学习和平时利用一体化，适合研究防灾据点空间。"",""angle_ja"":""広域防災、学習、平時利用が一体化し、防災拠点の空間化を検討できる。"",""angle_en"":""A disaster-prevention park where learning and ordinary use overlap."",""source_url"":""https://www.tokyorinkai-koen.jp/""},{""area"":""宫城县南三陆町"",""area_ja"":""宮城県南三陸町"",""area_en"":""Minamisanriku Miyagi"",""name"":""南三陆311纪念馆周边"",""name_ja"":""南三陸311メモリアル周辺"",""name_en"":""Minamisanriku 311 Memorial area"",""angle"":""可把复兴、记忆和避难意识与地域活动叠合来研究。"",""angle_ja"":""復興、記憶、避難意識を地域活動と重ねる敷地として読みやすい。"",""angle_en"":""Useful for connecting recovery, memory, evacuation awareness, and public activity."",""source_url"":""https://kkaa.co.jp/en/project/minamisanriku-311-memorial/""}]",published
SITE-011,保健中心周边,保健センター周辺,Design topic: 保健center周边,东京都世田谷区｜世田谷区保健中心周边,東京都世田谷区｜世田谷区保健センター周辺,Tokyo Setagaya | Setagaya Health Center area,已有咨询和行政触点，适合叠加产后照护、育儿交流、健康咨询和家庭支援功能。,保健センター周辺は、保健・子育て・相談・家庭支援を空間化しやすい敷地タイプ。周辺の既存資源、日常利用、公共性を読み取り、卒業設計の候補地として比較できる。,"Design topic: 保健center周边 is a site type that can turn Design topic: 保健, childcare, consultation, Design topic: 家庭支持 into a spatial proposal. It helps compare existing resources, daily use, and publicness for a thesis project.",,保健|育儿|咨询|家庭支持|产后,保健|子育て|相談|家庭支援|産後,Design topic: 保健|childcare|consultation|Design topic: 家庭支持|Design topic: 产后,"[{""area"":""东京都世田谷区"",""area_ja"":""東京都世田谷区"",""area_en"":""Tokyo Setagaya"",""name"":""世田谷区保健中心周边"",""name_ja"":""世田谷区保健センター周辺"",""name_en"":""Setagaya Health Center area"",""angle"":""可在近邻尺度上研究健康咨询、福祉和育儿支援的入口。"",""angle_ja"":""健康相談、福祉、子育て支援の入口を近隣スケールで検討できる。"",""angle_en"":""A local health center area for studying health consultation and family support."",""source_url"":""https://www.city.setagaya.lg.jp/03662/10852.html""},{""area"":""神奈川县横滨市港北区"",""area_ja"":""神奈川県横浜市港北区"",""area_en"":""Yokohama Kohoku"",""name"":""港北区福祉保健中心周边"",""name_ja"":""港北区福祉保健センター周辺"",""name_en"":""Kohoku Ward Health and Welfare Center"",""angle"":""可把区役所功能和福祉保健窗口重新理解为日常咨询空间。"",""angle_ja"":""区役所機能と福祉保健窓口を、日常相談の空間として読み替えられる。"",""angle_en"":""A ward office health and welfare center for studying everyday consultation access."",""source_url"":""https://www.city.yokohama.lg.jp/kohoku/madoguchi-shisetsu/kuyakusho/gyomuannai/sabisu.html""}]",published
SITE-012,近郊农地边缘,近郊農地縁辺,Design topic: 近郊农地边缘,东京都练马区｜农业体验农园周边,東京都練馬区｜農業体験農園周辺,Tokyo Nerima | Nerima farming experience gardens,可把食育、地方销售、儿童学习和循环资源教育连接起来，适合低层开放型公共设施。,近郊農地縁辺は、都市農業・食育・近郊・循環を空間化しやすい敷地タイプ。周辺の既存資源、日常利用、公共性を読み取り、卒業設計の候補地として比較できる。,"Design topic: 近郊农地边缘 is a site type that can turn Design topic: 都市农业, food education, Design topic: 近郊, Design topic: 循环 into a spatial proposal. It helps compare existing resources, daily use, and publicness for a thesis project.",,都市农业|食育|近郊|循环|儿童学习,都市農業|食育|近郊|循環|子ども学習,Design topic: 都市农业|food education|Design topic: 近郊|Design topic: 循环|childrenlearning,"[{""area"":""东京都练马区"",""area_ja"":""東京都練馬区"",""area_en"":""Tokyo Nerima"",""name"":""农业体验农园周边"",""name_ja"":""農業体験農園周辺"",""name_en"":""Nerima farming experience gardens"",""angle"":""都市农地、学习和地域参与相连，适合研究食育设施场地条件。"",""angle_ja"":""都市農地、学習、地域参加をつなぎ、食育施設の敷地条件を読みやすい。"",""angle_en"":""Urban farmland, learning, and local participation make food education spatially legible."",""source_url"":""https://www.city.nerima.tokyo.jp/kankomoyoshi/nogyo/hureai/taikennoen.html""},{""area"":""东京都千代田区"",""area_ja"":""東京都千代田区"",""area_en"":""Tokyo Chiyoda"",""name"":""Pasona Urban Farm"",""name_ja"":""Pasona Urban Farm"",""name_en"":""Pasona Urban Farm"",""angle"":""可从办公与农业的重叠方式获得把都市农业插入工作空间的思路。"",""angle_ja"":""オフィスと農の重ね方から、都市農業を働く場に挿入する発想を得られる。"",""angle_en"":""A reference for inserting farming into office and work environments."",""source_url"":""https://konodesigns.com/urban-farm/""}]",published
SITE-013,公共浴场街区,公衆浴場街区,Design topic: public浴场neighborhood,东京都大田区｜蒲田周边黑汤澡堂街区,東京都大田区｜蒲田周辺の黒湯銭湯街区,Tokyo Ota | Kamata black-water sento area,浴场具有日常健康和邻里交流基础，适合更新为洗浴、照护、休息和小型食堂复合空间。,公衆浴場街区は、銭湯・健康・高齢・近隣を空間化しやすい敷地タイプ。周辺の既存資源、日常利用、公共性を読み取り、卒業設計の候補地として比較できる。,"Design topic: public浴场neighborhood is a site type that can turn Design topic: 澡堂, health, aging, Design topic: 邻里 into a spatial proposal. It helps compare existing resources, daily use, and publicness for a thesis project.",,澡堂|健康|高龄|邻里|第三空间,銭湯|健康|高齢|近隣|第三空間,Design topic: 澡堂|health|aging|Design topic: 邻里|third place,"[{""area"":""东京都大田区"",""area_ja"":""東京都大田区"",""area_en"":""Tokyo Ota"",""name"":""蒲田周边黑汤澡堂街区"",""name_ja"":""蒲田周辺の黒湯銭湯街区"",""name_en"":""Kamata black-water sento area"",""angle"":""澡堂、温泉和日常使用仍存在，适合研究健康交流据点更新。"",""angle_ja"":""銭湯、温泉、日常利用が残り、健康交流拠点への更新を考えやすい。"",""angle_en"":""Sento and hot spring culture remain as everyday health and community infrastructure."",""source_url"":""https://www.city.ota.tokyo.jp/sangyo/sento/about_sento.html""},{""area"":""秋田县鹿角市"",""area_ja"":""秋田県鹿角市"",""area_en"":""Kazuno Akita"",""name"":""汤之站大汤周边"",""name_ja"":""湯の駅おおゆ周辺"",""name_en"":""Yu no Eki Ohyu area"",""angle"":""可从足汤、饮食和观光案内学习短时间停留型温浴据点。"",""angle_ja"":""足湯、食、観光案内を手がかりに、短時間滞在型の温浴拠点を学べる。"",""angle_en"":""A footbath and local food hub for studying short-stay bathing-related public space."",""source_url"":""https://kkaa.co.jp/en/project/yu-no-eki-ohyu/""}]",published
SITE-014,福祉作业所周边,福祉作業所周辺,Design topic: 福祉作业所周边,东京都世田谷区｜世田谷区立障害者就业支援中心 Skip 周边,東京都世田谷区｜世田谷区立障害者就労支援センターすきっぷ周辺,Tokyo Setagaya | Setagaya Skip Employment Support Center,接近日常生活圈，适合把就业训练、展示销售、咨询和街区交流放在同一界面上。,福祉作業所周辺は、障害・就労支援・共生・商店街を空間化しやすい敷地タイプ。周辺の既存資源、日常利用、公共性を読み取り、卒業設計の候補地として比較できる。,"Design topic: 福祉作业所周边 is a site type that can turn Design topic: 障碍, Design topic: employment支持, inclusive living, Design topic: 商店街 into a spatial proposal. It helps compare existing resources, daily use, and publicness for a thesis project.",,障碍|就业支持|共生|商店街|展示销售,障害|就労支援|共生|商店街|展示販売,Design topic: 障碍|Design topic: employment支持|inclusive living|Design topic: 商店街|Design topic: exhibition销售,"[{""area"":""东京都世田谷区"",""area_ja"":""東京都世田谷区"",""area_en"":""Tokyo Setagaya"",""name"":""世田谷区立障害者就业支援中心 Skip 周边"",""name_ja"":""世田谷区立障害者就労支援センターすきっぷ周辺"",""name_en"":""Setagaya Skip Employment Support Center"",""angle"":""可连接就业支援、生活咨询和住宅地，研究看得见的街区福祉据点。"",""angle_ja"":""就労支援、生活相談、住宅地を結び、街に見える福祉拠点を検討できる。"",""angle_en"":""Links employment support, daily consultation, and residential context for inclusive work."",""source_url"":""https://skip.ikuseikai-tky.or.jp/""},{""area"":""神奈川县横滨市神奈川区"",""area_ja"":""神奈川県横浜市神奈川区"",""area_en"":""Yokohama Kanagawa"",""name"":""地域活动支援中心・作业所型设施周边"",""name_ja"":""地域活動支援センター・作業所型施設周辺"",""name_en"":""Yokohama community workshop facilities"",""angle"":""可比较把作业、销售和咨询接近街路的福祉作业所型场地。"",""angle_ja"":""作業、販売、相談を街路に近づける福祉作業所型の敷地を比較できる。"",""angle_en"":""Workshop-style facilities help compare production, sales, and support at street level."",""source_url"":""https://www.city.yokohama.lg.jp/kenko-iryo-fukushi/fukushi-kaigo/fukushi/annai/zaitaku/nicchu/chiki/sagyou.html""}]",published
SITE-015,高架下或桥下空间,高架下または桥下空間,Design topic: 高架下或桥下space,东京都千代田区・港区｜日比谷 OKUROJI 周边,東京都千代田区・港区｜日比谷OKUROJI周辺,Tokyo Chiyoda and Minato | Hibiya OKUROJI area,遮雨条件稳定但常被切割和噪音影响，适合做运动、工坊、市集和步行连接修复。,高架下または桥下空間は、高架下・桥下・歩行・雨天空間を空間化しやすい敷地タイプ。周辺の既存資源、日常利用、公共性を読み取り、卒業設計の候補地として比較できる。,"Design topic: 高架下或桥下space is a site type that can turn Design topic: 高架下, Design topic: 桥下, Design topic: 步行, Design topic: 雨天space into a spatial proposal. It helps compare existing resources, daily use, and publicness for a thesis project.",,高架下|桥下|步行|雨天空间|公共性,高架下|桥下|歩行|雨天空間|公共性,Design topic: 高架下|Design topic: 桥下|Design topic: 步行|Design topic: 雨天space|publicness,"[{""area"":""东京都千代田区・港区"",""area_ja"":""東京都千代田区・港区"",""area_en"":""Tokyo Chiyoda and Minato"",""name"":""日比谷 OKUROJI 周边"",""name_ja"":""日比谷OKUROJI周辺"",""name_en"":""Hibiya OKUROJI area"",""angle"":""可把铁路高架下作为转化成餐饮、步行和停留的城市余白来研究。"",""angle_ja"":""鉄道高架下を飲食、歩行、滞在へ転用する都市余白として読める。"",""angle_en"":""An under-rail reuse area for studying dining, passage, and stay under infrastructure."",""source_url"":""https://www.jrtk.jp/hibiya-okuroji/""},{""area"":""神奈川县横滨市"",""area_ja"":""神奈川県横浜市"",""area_en"":""Yokohama Kanagawa"",""name"":""黄金町高架下周边"",""name_ja"":""黄金町高架下周辺"",""name_en"":""Koganecho under-rail area"",""angle"":""可调研高架下空间如何通过艺术、制作和步行被修复。"",""angle_ja"":""高架下空間をアート、制作、歩行で修復するプロセスを調査できる。"",""angle_en"":""A rail-underpass regeneration area shaped by art, production, and pedestrian use."",""source_url"":""https://koganecho.net/""}]",published
SITE-016,公园公共厕所周边,公園公共トイレ周辺,Design topic: parkpublic toilet周边,东京都涩谷区｜THE TOKYO TOILET 对象公园,東京都渋谷区｜THE TOKYO TOILET 対象公園,Tokyo Shibuya | THE TOKYO TOILET park sites,厕所、照明、休息和看护常决定公共空间是否可安心使用，适合做小尺度但高影响的公共节点。,公園公共トイレ周辺は、公共トイレ・公園・安全・バリアフリーを空間化しやすい敷地タイプ。周辺の既存資源、日常利用、公共性を読み取り、卒業設計の候補地として比較できる。,"Design topic: parkpublic toilet周边 is a site type that can turn public toilet, park, safety, Design topic: 无障碍 into a spatial proposal. It helps compare existing resources, daily use, and publicness for a thesis project.",,公共厕所|公园|安全|无障碍|步行,公共トイレ|公園|安全|バリアフリー|歩行,public toilet|park|safety|Design topic: 无障碍|Design topic: 步行,"[{""area"":""东京都涩谷区"",""area_ja"":""東京都渋谷区"",""area_en"":""Tokyo Shibuya"",""name"":""THE TOKYO TOILET 对象公园"",""name_ja"":""THE TOKYO TOILET 対象公園"",""name_en"":""THE TOKYO TOILET park sites"",""angle"":""可把公共厕所作为安全、照护和城市景观的小型据点来研究。"",""angle_ja"":""公共トイレを安全、ケア、都市景観の小さな拠点として検討できる。"",""angle_en"":""A set of public toilets for studying safety, care, and urban dignity at small scale."",""source_url"":""https://www.city.shibuya.tokyo.jp/shisetsu/koen/koshu-toilet/thetokyotoilet_list.html""},{""area"":""东京都涩谷区"",""area_ja"":""東京都渋谷区"",""area_en"":""Tokyo Shibuya"",""name"":""代代木深町小公园厕所周边"",""name_ja"":""代々木深町小公園トイレ周辺"",""name_en"":""Yoyogi Fukamachi Mini Park toilet"",""angle"":""可分析透明性、安心感和公园使用如何连接成小建筑公共性。"",""angle_ja"":""透明性、安心感、公園利用を結び、小建築の公共性を分析できる。"",""angle_en"":""A public toilet and park setting for analyzing transparency, comfort, and civic use."",""source_url"":""https://tokyotoilet.jp/""}]",published
SITE-017,学校外缘学习节点,学校外缘学習ノード,Design topic: school外缘learning节点,东京都世田谷区｜HOME/WORK VILLAGE 周边,東京都世田谷区｜HOME/WORK VILLAGE 周辺,Tokyo Setagaya | HOME/WORK VILLAGE area,可承接不登校、课后学习、安静停留和家长咨询，形成不进入学校也能学习的缓冲空间。,学校外缘学習ノードは、学校周辺・不登校・学習・相談を空間化しやすい敷地タイプ。周辺の既存資源、日常利用、公共性を読み取り、卒業設計の候補地として比較できる。,"Design topic: school外缘learning节点 is a site type that can turn Design topic: school周边, Design topic: 不登校, learning, consultation into a spatial proposal. It helps compare existing resources, daily use, and publicness for a thesis project.",,学校周边|不登校|学习|咨询|儿童,学校周辺|不登校|学習|相談|子ども,Design topic: school周边|Design topic: 不登校|learning|consultation|children,"[{""area"":""东京都世田谷区"",""area_ja"":""東京都世田谷区"",""area_en"":""Tokyo Setagaya"",""name"":""HOME/WORK VILLAGE 周边"",""name_ja"":""HOME/WORK VILLAGE 周辺"",""name_en"":""HOME/WORK VILLAGE area"",""angle"":""旧校舍与地域利用相接，适合思考学校外学习和咨询入口。"",""angle_ja"":""旧校舎と地域利用が接し、学校外の学びや相談の入口を考えやすい。"",""angle_en"":""A former school and public-use mix for studying learning outside the school system."",""source_url"":""https://homeworkvillage.com/""},{""area"":""神奈川县厚木市"",""area_ja"":""神奈川県厚木市"",""area_en"":""Atsugi Kanagawa"",""name"":""KAIT Workshop 周边"",""name_ja"":""KAIT Workshop 周辺"",""name_en"":""KAIT Workshop area"",""angle"":""可从制作、学习和开放工房环境思考学校周边学习节点。"",""angle_ja"":""制作、学習、開いた工房環境から、学校周辺の学習ノードを考えられる。"",""angle_en"":""A campus workshop reference for thinking about open learning and making nodes."",""source_url"":""https://en.kait.jp/facilities/kait-workshop.html""}]",published
SITE-018,温泉街入口,温泉街入口,Design topic: 温泉街entry,大分县别府市｜别府站至竹瓦温泉周边,大分県別府市｜別府駅から竹瓦温泉周辺,Beppu Oita | Beppu Station to Takegawara Onsen,已有旅游和洗浴资源，但日常公共性常不足，适合把足汤、休息、地域食和信息整合。,温泉街入口は、温泉街・観光・健康・地域文化を空間化しやすい敷地タイプ。周辺の既存資源、日常利用、公共性を読み取り、卒業設計の候補地として比較できる。,"Design topic: 温泉街entry is a site type that can turn Design topic: 温泉街, tourism, health, localculture into a spatial proposal. It helps compare existing resources, daily use, and publicness for a thesis project.",,温泉街|旅游|健康|地方文化|休息,温泉街|観光|健康|地域文化|休息,Design topic: 温泉街|tourism|health|localculture|Design topic: 休息,"[{""area"":""大分县别府市"",""area_ja"":""大分県別府市"",""area_en"":""Beppu Oita"",""name"":""别府站至竹瓦温泉周边"",""name_ja"":""別府駅から竹瓦温泉周辺"",""name_en"":""Beppu Station to Takegawara Onsen"",""angle"":""车站、温泉和商店街连续，适合研究调停观光与日常利用的入口。"",""angle_ja"":""駅、温泉、商店街が連続し、観光と日常利用を調停する入口を考えやすい。"",""angle_en"":""Station, bathhouse, and shopping street overlap at a tourism and daily-life gateway."",""source_url"":""https://www.city.beppu.oita.jp/sisetu/shieionsen/detail4.html""},{""area"":""群马县涩川市"",""area_ja"":""群馬県渋川市"",""area_en"":""Shibukawa Gunma"",""name"":""伊香保温泉石段街入口"",""name_ja"":""伊香保温泉石段街入口"",""name_en"":""Ikaho Onsen stone steps entrance"",""angle"":""石段、温泉旅馆和广场连续，适合作为停留与步行节点研究对象。"",""angle_ja"":""石段、温泉宿、広場が続き、滞在と歩行の結節点を読みやすい。"",""angle_en"":""Stone steps, inns, and small plazas create a legible onsen gateway."",""source_url"":""https://www.city.shibukawa.lg.jp/kankou/000357/000360/p000206.html""}]",published
SITE-019,共享办公空置楼层,シェアオフィス空きフロア,Design topic: shared办公空置楼层,千叶县柏市｜柏之叶 KOIL 周边,千葉県柏市｜柏の葉KOIL周辺,Kashiwa Chiba | Kashiwa-no-ha KOIL area,既有基础设施完善，适合低成本转化为创业、学习、制作和社区共创空间。,シェアオフィス空きフロアは、シェアオフィス・起業・空きフロア・共創を空間化しやすい敷地タイプ。周辺の既存資源、日常利用、公共性を読み取り、卒業設計の候補地として比較できる。,"Design topic: shared办公空置楼层 is a site type that can turn Design topic: shared办公, Design topic: 创业, Design topic: 空置楼层, Design topic: 共创 into a spatial proposal. It helps compare existing resources, daily use, and publicness for a thesis project.",,共享办公|创业|空置楼层|共创|学习,シェアオフィス|起業|空きフロア|共創|学習,Design topic: shared办公|Design topic: 创业|Design topic: 空置楼层|Design topic: 共创|learning,"[{""area"":""千叶县柏市"",""area_ja"":""千葉県柏市"",""area_en"":""Kashiwa Chiba"",""name"":""柏之叶 KOIL 周边"",""name_ja"":""柏の葉KOIL周辺"",""name_en"":""Kashiwa-no-ha KOIL area"",""angle"":""可作为共创办公、研究和地域实验叠合的创业支援据点来研究。"",""angle_ja"":""共創オフィス、研究、地域実験を重ねる起業支援拠点として読める。"",""angle_en"":""A co-creation office hub for studying startup support and urban experiments."",""source_url"":""https://www.koil.jp/?lang=en""},{""area"":""东京都世田谷区"",""area_ja"":""東京都世田谷区"",""area_en"":""Tokyo Setagaya"",""name"":""HOME/WORK VILLAGE 共享办公周边"",""name_ja"":""HOME/WORK VILLAGE コワーキング周辺"",""name_en"":""HOME/WORK VILLAGE coworking area"",""angle"":""可从旧校舍内工作场所、店铺和广场获得空置楼层转用线索。"",""angle_ja"":""旧校舎内の働く場、店舗、広場から、空きフロア転用のヒントを得られる。"",""angle_en"":""A former school with workspaces, shops, and plaza-like activity for reuse study."",""source_url"":""https://homeworkvillage.com/""}]",published
SITE-020,调节池或雨水设施周边,調整池または雨水施設周辺,Design topic: 调节池或雨水facility周边,埼玉县越谷市｜大相模调节池・越谷Lake Town,埼玉県越谷市｜大相模調節池・越谷レイクタウン,Koshigaya Saitama | Osagami Retarding Basin and Koshigaya LakeTown,可把防洪基础设施转化为环境教育、公园活动和社区防灾学习空间。,調整池または雨水施設周辺は、雨水・調整池・グリーンインフラ・防災を空間化しやすい敷地タイプ。周辺の既存資源、日常利用、公共性を読み取り、卒業設計の候補地として比較できる。,"Design topic: 调节池或雨水facility周边 is a site type that can turn Design topic: 雨水, Design topic: 调节池, Design topic: 蓝绿基础facility, disaster prevention into a spatial proposal. It helps compare existing resources, daily use, and publicness for a thesis project.",,雨水|调节池|蓝绿基础设施|防灾|环境教育,雨水|調整池|グリーンインフラ|防災|環境教育,Design topic: 雨水|Design topic: 调节池|Design topic: 蓝绿基础facility|disaster prevention|environmental education,"[{""area"":""埼玉县越谷市"",""area_ja"":""埼玉県越谷市"",""area_en"":""Koshigaya Saitama"",""name"":""大相模调节池・越谷Lake Town"",""name_ja"":""大相模調節池・越谷レイクタウン"",""name_en"":""Osagami Retarding Basin and Koshigaya LakeTown"",""angle"":""调节池、商业和步道叠合，适合把雨水管理理解为日常公园。"",""angle_ja"":""調節池、商業、遊歩道が重なり、雨水管理を日常公園として読める。"",""angle_en"":""A retarding basin, mall, and promenade system for everyday stormwater learning."",""source_url"":""https://www.city.koshigaya.saitama.jp/citypromotion/shizen/ike/mizubekatsuyou.html""},{""area"":""福冈县福冈市"",""area_ja"":""福岡県福岡市"",""area_en"":""Fukuoka City"",""name"":""ACROS福冈阶梯花园"",""name_ja"":""ACROS福岡ステップガーデン"",""name_en"":""ACROS Fukuoka Step Garden"",""angle"":""绿化、雨水和文化设施重叠，适合作为都市环境学习据点参考。"",""angle_ja"":""緑化、雨水、文化施設が重なり、都市の環境学習拠点として読める。"",""angle_en"":""A green stepped roof and cultural facility for studying urban ecology and learning."",""source_url"":""https://www.acros.or.jp/""}]",published
SITE-021,岛屿港口周边,島嶼港周辺,Design topic: 岛屿港口周边,濑户内海等离岛港口、候船所和小聚落入口,日本国内の候補エリアとして調査する。,Use as a candidate site type in Japan.,港口是居民生活、观光到达和物流交汇点，适合叠加休息、档案、艺术导览和生活服务。,島嶼港周辺は、離島・港・観光・住民生活を空間化しやすい敷地タイプ。周辺の既存資源、日常利用、公共性を読み取り、卒業設計の候補地として比較できる。,"Design topic: 岛屿港口周边 is a site type that can turn Design topic: 离岛, Design topic: 港口, tourism, Design topic: resident生活 into a spatial proposal. It helps compare existing resources, daily use, and publicness for a thesis project.",,离岛|港口|观光|居民生活|地方文化,離島|港|観光|住民生活|地域文化,Design topic: 离岛|Design topic: 港口|tourism|Design topic: resident生活|localculture,,draft
SITE-022,旧工业遗产地,旧産業遺産地,Design topic: 旧工业heritage地,旧精炼所、旧矿山、旧造船或能源设施周边,日本国内の候補エリアとして調査する。,Use as a candidate site type in Japan.,大型遗构具有强烈记忆和环境议题，适合转化为展览、生态教育和地方再生空间。,旧産業遺産地は、産業遺産・再利用・環境教育・地域再生を空間化しやすい敷地タイプ。周辺の既存資源、日常利用、公共性を読み取り、卒業設計の候補地として比較できる。,"Design topic: 旧工业heritage地 is a site type that can turn Design topic: 工业heritage, reuse, environmental education, localregeneration into a spatial proposal. It helps compare existing resources, daily use, and publicness for a thesis project.",,工业遗产|再利用|环境教育|地方再生|展览,産業遺産|再利用|環境教育|地域再生|展示,Design topic: 工业heritage|reuse|environmental education|localregeneration|exhibition,,draft
SITE-023,车站前图书馆街区,駅前図書館街区,Design topic: station前libraryneighborhood,地方城市车站前广场和公共文化设施周边,日本国内の候補エリアとして調査する。,Use as a candidate site type in Japan.,交通可达性高，适合把图书馆、市民活动、学习和观光信息组织成城市入口。,駅前図書館街区は、駅前・図書館・市民活動・コンパクト都市を空間化しやすい敷地タイプ。周辺の既存資源、日常利用、公共性を読み取り、卒業設計の候補地として比較できる。,"Design topic: station前libraryneighborhood is a site type that can turn Design topic: station前, library, citizenactivity, Design topic: 紧凑urban into a spatial proposal. It helps compare existing resources, daily use, and publicness for a thesis project.",,车站前|图书馆|市民活动|紧凑城市|学习,駅前|図書館|市民活動|コンパクト都市|学習,Design topic: station前|library|citizenactivity|Design topic: 紧凑urban|learning,,draft
SITE-024,道之驿周边,道の駅周辺,Design topic: roadside station周边,地方道路服务站及其停车场、农产销售和休息区周边,日本国内の候補エリアとして調査する。,Use as a candidate site type in Japan.,既服务司机也服务居民，可复合地方食物、交通休息、防灾和社区活动。,道の駅周辺は、道の駅・地域食・交通・防災を空間化しやすい敷地タイプ。周辺の既存資源、日常利用、公共性を読み取り、卒業設計の候補地として比較できる。,"Design topic: roadside station周边 is a site type that can turn roadside station, local food, transport, disaster prevention into a spatial proposal. It helps compare existing resources, daily use, and publicness for a thesis project.",,道之驿|地域食|交通|防灾|地方服务,道の駅|地域食|交通|防災|地域サービス,roadside station|local food|transport|disaster prevention|localservice,,draft
SITE-025,低密度美术馆街区,低密度美術館街区,Design topic: 低密度art museumneighborhood,地方城市或度假地中的分散式美术馆、街道和广场,日本国内の候補エリアとして調査する。,Use as a candidate site type in Japan.,可把艺术展览、街区散步、儿童学习和居民活动连接成低密度文化网络。,低密度美術館街区は、美術館・アート街区・歩行・地域再生を空間化しやすい敷地タイプ。周辺の既存資源、日常利用、公共性を読み取り、卒業設計の候補地として比較できる。,"Design topic: 低密度art museumneighborhood is a site type that can turn art museum, artneighborhood, Design topic: 步行, localregeneration into a spatial proposal. It helps compare existing resources, daily use, and publicness for a thesis project.",,美术馆|艺术街区|步行|地方再生|儿童学习,美術館|アート街区|歩行|地域再生|子ども学習,art museum|artneighborhood|Design topic: 步行|localregeneration|childrenlearning,,draft
SITE-026,大型文化复合园区,大型文化複合園区,Design topic: 大型cultural complex园区,郊区或车站外缘的大型文化、出版、展览和商业复合园区,日本国内の候補エリアとして調査する。,Use as a candidate site type in Japan.,可把图书、展览、活动、商业和青年文化组织成城市目的地，但也需要处理日常可达性。,大型文化複合園区は、文化複合・出版・若者文化・郊外を空間化しやすい敷地タイプ。周辺の既存資源、日常利用、公共性を読み取り、卒業設計の候補地として比較できる。,"Design topic: 大型cultural complex园区 is a site type that can turn cultural complex, Design topic: 出版, youthculture, Design topic: 郊区 into a spatial proposal. It helps compare existing resources, daily use, and publicness for a thesis project.",,文化复合|出版|青年文化|郊区|活动,文化複合|出版|若者文化|郊外|活動,cultural complex|Design topic: 出版|youthculture|Design topic: 郊区|activity,,draft
SITE-027,水边美术馆周边,水辺美術館周辺,Design topic: waterfrontart museum周边,港湾、湖岸、运河或人工水景边的美术馆与步道,日本国内の候補エリアとして調査する。,Use as a candidate site type in Japan.,艺术参观、散步、休息和景观体验可叠合，适合研究慢行和文化公共性。,水辺美術館周辺は、水辺・美術館・ゆっくり歩く移動・景観を空間化しやすい敷地タイプ。周辺の既存資源、日常利用、公共性を読み取り、卒業設計の候補地として比較できる。,"Design topic: waterfrontart museum周边 is a site type that can turn waterfront, art museum, Design topic: 慢行, Design topic: 景观 into a spatial proposal. It helps compare existing resources, daily use, and publicness for a thesis project.",,水边|美术馆|慢行|景观|休息,水辺|美術館|ゆっくり歩く移動|景観|休息,waterfront|art museum|Design topic: 慢行|Design topic: 景观|Design topic: 休息,,draft
SITE-028,共享住宅街区,シェアハウス街区,shared housingneighborhood,大学、车站或就业支援设施附近的共享住宅和小型公寓街区,日本国内の候補エリアとして調査する。,Use as a candidate site type in Japan.,可把共居、厨房、学习、就业支援和邻里交流结合，回应青年孤独和居住成本。,シェアハウス街区は、シェアハウス・若者・共同居住・キッチンを空間化しやすい敷地タイプ。周辺の既存資源、日常利用、公共性を読み取り、卒業設計の候補地として比較できる。,"shared housingneighborhood is a site type that can turn shared housing, youth, Design topic: 共居, kitchen into a spatial proposal. It helps compare existing resources, daily use, and publicness for a thesis project.",,共享住宅|青年|共居|厨房|邻里,シェアハウス|若者|共同居住|キッチン|近隣,shared housing|youth|Design topic: 共居|kitchen|Design topic: 邻里,,draft
SITE-029,旧商业体遗址,旧商業体遗址,Design topic: 旧商业体遗址,地方城市旧百货、旧购物中心或大型商业退场后的空地,日本国内の候補エリアとして調査する。,Use as a candidate site type in Japan.,大体量商业退场后可转化为水景、公园、市场、学习和城市客厅。,旧商業体遗址は、旧商業体・再利用・都市リビング・水景を空間化しやすい敷地タイプ。周辺の既存資源、日常利用、公共性を読み取り、卒業設計の候補地として比較できる。,"Design topic: 旧商业体遗址 is a site type that can turn Design topic: 旧商业体, reuse, Design topic: urban客厅, water landscape into a spatial proposal. It helps compare existing resources, daily use, and publicness for a thesis project.",,旧商业体|再利用|城市客厅|水景|公园,旧商業体|再利用|都市リビング|水景|公園,Design topic: 旧商业体|reuse|Design topic: urban客厅|water landscape|park,,draft
SITE-030,历史美术馆更新街区,歴史美術館更新街区,historyart museumrenewalneighborhood,旧公共美术馆、文化会馆和历史街区入口周边,日本国内の候補エリアとして調査する。,Use as a candidate site type in Japan.,既有文化记忆强，适合研究入口开放、无障碍、咖啡、广场和当代展览更新。,歴史美術館更新街区は、歴史建築・美術館更新・入口・バリアフリーを空間化しやすい敷地タイプ。周辺の既存資源、日常利用、公共性を読み取り、卒業設計の候補地として比較できる。,"historyart museumrenewalneighborhood is a site type that can turn Design topic: history建筑, art museumrenewal, entry, Design topic: 无障碍 into a spatial proposal. It helps compare existing resources, daily use, and publicness for a thesis project.",,历史建筑|美术馆更新|入口|无障碍|文化记忆,歴史建築|美術館更新|入口|バリアフリー|文化記憶,Design topic: history建筑|art museumrenewal|entry|Design topic: 无障碍|Design topic: culture记忆,,draft
SITE-031,大型体育公园边缘,大型スポーツ公園縁辺,Design topic: 大型体育park边缘,国立竞技场、公园体育设施和赛事后开放空间周边,日本国内の候補エリアとして調査する。,Use as a candidate site type in Japan.,大型赛事设施常在日常中显得尺度过大，边缘空间适合转化为散步、运动、休息和社区活动节点。,大型スポーツ公園縁辺は、スポーツ公園・イベント遺産・運動・開放空間を空間化しやすい敷地タイプ。周辺の既存資源、日常利用、公共性を読み取り、卒業設計の候補地として比較できる。,"Design topic: 大型体育park边缘 is a site type that can turn Design topic: 体育park, Design topic: 赛事heritage, Design topic: 运动, openspace into a spatial proposal. It helps compare existing resources, daily use, and publicness for a thesis project.",,体育公园|赛事遗产|运动|开放空间|日常化,スポーツ公園|イベント遺産|運動|開放空間|日常化,Design topic: 体育park|Design topic: 赛事heritage|Design topic: 运动|openspace|Design topic: 日常化,,draft
SITE-032,灾后临时住宅余地,災後仮設住宅余地,Design topic: post-disaster临时住宅余地,灾后临时住宅、复兴公营住宅或避难设施曾经使用的空地,日本国内の候補エリアとして調査する。,Use as a candidate site type in Japan.,临时居住和复兴过程会留下社区记忆，适合研究长期恢复、邻里支持和灾害教育空间。,災後仮設住宅余地は、災後復興・仮設住宅・コミュニティ記憶・防災を空間化しやすい敷地タイプ。周辺の既存資源、日常利用、公共性を読み取り、卒業設計の候補地として比較できる。,"Design topic: post-disaster临时住宅余地 is a site type that can turn Design topic: post-disaster复兴, Design topic: 临时住宅, Design topic: community记忆, disaster prevention into a spatial proposal. It helps compare existing resources, daily use, and publicness for a thesis project.",,灾后复兴|临时住宅|社区记忆|防灾|邻里支持,災後復興|仮設住宅|コミュニティ記憶|防災|近隣支援,Design topic: post-disaster复兴|Design topic: 临时住宅|Design topic: community记忆|disaster prevention|Design topic: 邻里支持,,draft
SITE-033,亲子支援设施街角,親子支援施設街角,Design topic: 亲子supportfacility街角,幼儿园、保育园、儿童发展支援和社区咨询设施附近,日本国内の候補エリアとして調査する。,Use as a candidate site type in Japan.,接近日常通学与购物路线，适合把育儿咨询、亲子交流和儿童发展支援做成低门槛街角设施。,親子支援施設街角は、子育て・親子・子ども発達・街角を空間化しやすい敷地タイプ。周辺の既存資源、日常利用、公共性を読み取り、卒業設計の候補地として比較できる。,"Design topic: 亲子supportfacility街角 is a site type that can turn childcare, Design topic: 亲子, Design topic: children发展, Design topic: 街角 into a spatial proposal. It helps compare existing resources, daily use, and publicness for a thesis project.",,育儿|亲子|儿童发展|街角|咨询,子育て|親子|子ども発達|街角|相談,childcare|Design topic: 亲子|Design topic: children发展|Design topic: 街角|consultation,,draft
SITE-034,地方道之驿更新带,地域道の駅更新带,Design topic: localroadside stationrenewal带,地方道路服务站、停车场、农产销售和周边村落入口,日本国内の候補エリアとして調査する。,Use as a candidate site type in Japan.,道之驿可从停车休息点升级为地方服务中心，承接共创办公、社区会议、食物教育和灾时支援。,地域道の駅更新带は、道の駅・地域サービス・共創オフィス・地域食を空間化しやすい敷地タイプ。周辺の既存資源、日常利用、公共性を読み取り、卒業設計の候補地として比較できる。,"Design topic: localroadside stationrenewal带 is a site type that can turn roadside station, localservice, Design topic: 共创办公, local food into a spatial proposal. It helps compare existing resources, daily use, and publicness for a thesis project.",,道之驿|地方服务|共创办公|地域食|防灾,道の駅|地域サービス|共創オフィス|地域食|防災,roadside station|localservice|Design topic: 共创办公|local food|disaster prevention,,draft
SITE-035,高架与公园运动缝隙,高架と公園運動隙間,Design topic: 高架andpark运动缝隙,铁路高架、公园边界、桥下和城市运动设施之间的夹缝地,日本国内の候補エリアとして調査する。,Use as a candidate site type in Japan.,城市中的缝隙空间可承接青年运动、夜间安全、临时活动和轻量公共服务，适合小尺度改造题目。,高架と公園運動隙間は、高架下・運動・若者・夜間安全を空間化しやすい敷地タイプ。周辺の既存資源、日常利用、公共性を読み取り、卒業設計の候補地として比較できる。,"Design topic: 高架andpark运动缝隙 is a site type that can turn Design topic: 高架下, Design topic: 运动, youth, nightsafety into a spatial proposal. It helps compare existing resources, daily use, and publicness for a thesis project.",,高架下|运动|青年|夜间安全|小尺度,高架下|運動|若者|夜間安全|小規模,Design topic: 高架下|Design topic: 运动|youth|nightsafety|Design topic: 小尺度,,draft
SITE-036,港湾仓库再生带,港湾岸倉庫再生带,Design topic: harbor仓库regeneration带,港口旧仓库、岸壁广场、物流遗构和临水步道周边,日本国内の候補エリアとして調査する。,Use as a candidate site type in Japan.,港湾仓库兼具历史记忆和大跨度空间，适合转为活动、展览、市场和城市水边客厅。,港湾岸倉庫再生带は、港湾岸・倉庫再生・水辺・活動を空間化しやすい敷地タイプ。周辺の既存資源、日常利用、公共性を読み取り、卒業設計の候補地として比較できる。,"Design topic: harbor仓库regeneration带 is a site type that can turn harbor, Design topic: 仓库regeneration, waterfront, activity into a spatial proposal. It helps compare existing resources, daily use, and publicness for a thesis project.",,港湾|仓库再生|水边|活动|历史记忆,港湾岸|倉庫再生|水辺|活動|歴史記憶,harbor|Design topic: 仓库regeneration|waterfront|activity|Design topic: history记忆,,draft
SITE-037,木造密集街区微更新,木造密集街区微更新,Design topic: wooden密集neighborhood微renewal,谷中、根津、下町等木造小尺度住宅和商店混合街区,日本国内の候補エリアとして調査する。,Use as a candidate site type in Japan.,小建筑更新可承接旅宿、咖啡、展览和街区接待，适合研究不推倒重来的渐进式再生。,木造密集街区微更新は、木造密集・微更新・宿泊・街区接待を空間化しやすい敷地タイプ。周辺の既存資源、日常利用、公共性を読み取り、卒業設計の候補地として比較できる。,"Design topic: wooden密集neighborhood微renewal is a site type that can turn Design topic: wooden密集, Design topic: 微renewal, Design topic: 旅宿, Design topic: neighborhood接待 into a spatial proposal. It helps compare existing resources, daily use, and publicness for a thesis project.",,木造密集|微更新|旅宿|街区接待|下町,木造密集|微更新|宿泊|街区接待|下町,Design topic: wooden密集|Design topic: 微renewal|Design topic: 旅宿|Design topic: neighborhood接待|Design topic: 下町,,draft
SITE-038,高架下艺术驻留带,高架下アート滞在制作带,Design topic: 高架下art驻留带,铁路高架下、旧红灯区边缘和小型艺术工作室聚集区,日本国内の候補エリアとして調査する。,Use as a candidate site type in Japan.,高架下空间可从管理盲区转为艺术驻留、工作室和街区交流带，适合研究治安与文化再生。,高架下アート滞在制作带は、高架下・アート滞在制作・街区再生・工房を空間化しやすい敷地タイプ。周辺の既存資源、日常利用、公共性を読み取り、卒業設計の候補地として比較できる。,"Design topic: 高架下art驻留带 is a site type that can turn Design topic: 高架下, Design topic: art驻留, neighborhoodregeneration, Design topic: 工作室 into a spatial proposal. It helps compare existing resources, daily use, and publicness for a thesis project.",,高架下|艺术驻留|街区再生|工作室|治安,高架下|アート滞在制作|街区再生|工房|治安,Design topic: 高架下|Design topic: art驻留|neighborhoodregeneration|Design topic: 工作室|Design topic: 治安,,draft
SITE-039,公共浴场周边,公衆浴場周辺,Design topic: public浴场周边,住宅区中的传统钱汤、澡堂入口、小型商业和休息空间周边,日本国内の候補エリアとして調査する。,Use as a candidate site type in Japan.,公共浴场既是卫生设施也是社区日常节点，可转为健康、交流和年轻人回流的空间题目。,公衆浴場周辺は、公衆浴場・健康・コミュニティ・日常を空間化しやすい敷地タイプ。周辺の既存資源、日常利用、公共性を読み取り、卒業設計の候補地として比較できる。,"Design topic: public浴场周边 is a site type that can turn Design topic: public浴场, health, community, Design topic: 日常 into a spatial proposal. It helps compare existing resources, daily use, and publicness for a thesis project.",,公共浴场|健康|社区|日常|年轻人,公衆浴場|健康|コミュニティ|日常|若い人,Design topic: public浴场|health|community|Design topic: 日常|Design topic: 年轻人,,draft
SITE-040,都市农业与食育空间,都市農業と食育空間,Design topic: 都市农业andfood educationspace,办公楼屋顶、闲置地、学校周边和社区农园等城市食物生产空间,日本国内の候補エリアとして調査する。,Use as a candidate site type in Japan.,都市农业能把食物、环境教育、工作和社区活动连起来，适合小尺度但议题清晰的毕设方向。,都市農業と食育空間は、都市農業・食育・環境教育・屋根を空間化しやすい敷地タイプ。周辺の既存資源、日常利用、公共性を読み取り、卒業設計の候補地として比較できる。,"Design topic: 都市农业andfood educationspace is a site type that can turn Design topic: 都市农业, food education, environmental education, roof into a spatial proposal. It helps compare existing resources, daily use, and publicness for a thesis project.",,都市农业|食育|环境教育|屋顶|社区,都市農業|食育|環境教育|屋根|コミュニティ,Design topic: 都市农业|food education|environmental education|roof|community,,draft
SITE-041,防灾教育与河川边缘,防災教育と河川縁辺,Design topic: disaster preventioneducationand河川边缘,河川防灾馆、避难路径、堤防公园和灾害记忆设施周边,日本国内の候補エリアとして調査する。,Use as a candidate site type in Japan.,水害和地震风险需要被日常化理解，河川边缘适合结合防灾学习、避难动线和公共休息空间。,防災教育と河川縁辺は、防災・河川・避難・教育を空間化しやすい敷地タイプ。周辺の既存資源、日常利用、公共性を読み取り、卒業設計の候補地として比較できる。,"Design topic: disaster preventioneducationand河川边缘 is a site type that can turn disaster prevention, Design topic: 河川, evacuation, education into a spatial proposal. It helps compare existing resources, daily use, and publicness for a thesis project.",,防灾|河川|避难|教育|灾害记忆,防災|河川|避難|教育|災害記憶,disaster prevention|Design topic: 河川|evacuation|education|Design topic: 灾害记忆,,draft
SITE-042,旧民家公共厨房,旧民家公共キッチン,Design topic: 旧民家publickitchen,地方旧民家、空屋、农产直卖所和小型食堂聚集区,日本国内の候補エリアとして調査する。,Use as a candidate site type in Japan.,旧民家厨房能把食文化、观光、居民交流和小规模就业连起来，适合低成本再生题目。,旧民家公共キッチンは、旧民家・公共キッチン・食文化・空き家再生を空間化しやすい敷地タイプ。周辺の既存資源、日常利用、公共性を読み取り、卒業設計の候補地として比較できる。,"Design topic: 旧民家publickitchen is a site type that can turn Design topic: 旧民家, publickitchen, Design topic: 食culture, vacant houseregeneration into a spatial proposal. It helps compare existing resources, daily use, and publicness for a thesis project.",,旧民家|公共厨房|食文化|空屋再生|交流,旧民家|公共キッチン|食文化|空き家再生|交流,Design topic: 旧民家|publickitchen|Design topic: 食culture|vacant houseregeneration|exchange,,draft
SITE-043,校园开放制造节点,キャンパス開放ものづくりノード,Design topic: campusopenmaking节点,大学或高专校园边缘、实验工房、木工厂和社区入口之间,日本国内の候補エリアとして調査する。,Use as a candidate site type in Japan.,校园边缘可把制造学习、产学合作和居民参观结合，形成从学校向城市打开的学习设施。,キャンパス開放ものづくりノードは、キャンパス開放・ものづくり学習・産学合作・工房を空間化しやすい敷地タイプ。周辺の既存資源、日常利用、公共性を読み取り、卒業設計の候補地として比較できる。,"Design topic: campusopenmaking节点 is a site type that can turn campusopen, makinglearning, Design topic: 产学合作, Design topic: 工房 into a spatial proposal. It helps compare existing resources, daily use, and publicness for a thesis project.",,校园开放|制造学习|产学合作|工房|木材,キャンパス開放|ものづくり学習|産学合作|工房|木材,campusopen|makinglearning|Design topic: 产学合作|Design topic: 工房|Design topic: 木材,,draft
SITE-044,医疗照护咨询小院,医療ケア相談小さな中庭,Design topic: healthcareconsultation小院,医院外缘、社区诊所、看护服务站和安静住宅街之间,日本国内の候補エリアとして調査する。,Use as a candidate site type in Japan.,病友和照护者需要离医院很近但不具医院感的咨询、休息和同伴支持空间。,医療ケア相談小さな中庭は、医療ケア・相談・療養者支援・ケア者を空間化しやすい敷地タイプ。周辺の既存資源、日常利用、公共性を読み取り、卒業設計の候補地として比較できる。,"Design topic: healthcareconsultation小院 is a site type that can turn healthcare, consultation, Design topic: 病友支持, Design topic: care者 into a spatial proposal. It helps compare existing resources, daily use, and publicness for a thesis project.",,医疗照护|咨询|病友支持|照护者|庭院,医療ケア|相談|療養者支援|ケア者|庭園,healthcare|consultation|Design topic: 病友支持|Design topic: care者|courtyard,,draft
SITE-045,循环修理工坊边缘,循環修理工房縁辺,Design topic: 循环repairworkshop边缘,旧工业区、垃圾处理设施旁、商店街后巷和共享工房聚集区,日本国内の候補エリアとして調査する。,Use as a candidate site type in Japan.,修理、再利用和材料教育需要可操作的工坊场所，适合连接循环经济与社区学习。,循環修理工房縁辺は、循環経済・修理・工房・再利用を空間化しやすい敷地タイプ。周辺の既存資源、日常利用、公共性を読み取り、卒業設計の候補地として比較できる。,"Design topic: 循环repairworkshop边缘 is a site type that can turn circular economy, repair, workshop, reuse into a spatial proposal. It helps compare existing resources, daily use, and publicness for a thesis project.",,循环经济|修理|工坊|再利用|材料教育,循環経済|修理|工房|再利用|材料教育,circular economy|repair|workshop|reuse|Design topic: 材料education,,draft
SITE-046,多文化交流与行政窗口,多文化交流と行政窗口,Design topic: multiculturalexchangeand行政窗口,外国人居民较多的车站前、商店街、国际交流协会和市政服务窗口周边,日本国内の候補エリアとして調査する。,Use as a candidate site type in Japan.,语言、制度和归属感问题需要低门槛空间承接，适合做咨询、学习、文化交流和小型活动复合设施。,多文化交流と行政窗口は、多文化・外国人住民・行政相談・言語支援を空間化しやすい敷地タイプ。周辺の既存資源、日常利用、公共性を読み取り、卒業設計の候補地として比較できる。,"Design topic: multiculturalexchangeand行政窗口 is a site type that can turn multicultural, Design topic: foreign人resident, Design topic: 行政consultation, Design topic: 语言支持 into a spatial proposal. It helps compare existing resources, daily use, and publicness for a thesis project.",,多文化|外国人居民|行政咨询|语言支持|交流,多文化|外国人住民|行政相談|言語支援|交流,multicultural|Design topic: foreign人resident|Design topic: 行政consultation|Design topic: 语言支持|exchange,,draft
SITE-047,夜间学习与自习空间,夜間学習と自習空間,Design topic: nightlearningand自习space,大学周边、图书馆、车站前学习室和夜间仍有人流的公共设施附近,日本国内の候補エリアとして調査する。,Use as a candidate site type in Japan.,夜间学习需要安全、安静和非商业的停留环境，适合研究24小时学习和城市公共性的边界。,夜間学習と自習空間は、夜間学習・図書館・自習・非商業滞在を空間化しやすい敷地タイプ。周辺の既存資源、日常利用、公共性を読み取り、卒業設計の候補地として比較できる。,"Design topic: nightlearningand自习space is a site type that can turn nightlearning, library, Design topic: 自习, Design topic: 非商业停留 into a spatial proposal. It helps compare existing resources, daily use, and publicness for a thesis project.",,夜间学习|图书馆|自习|非商业停留|安全,夜間学習|図書館|自習|非商業滞在|安全,nightlearning|library|Design topic: 自习|Design topic: 非商业停留|safety,,draft
SITE-048,女性与青年安全支援节点,女性と若者安全支援ノード,Design topic: womenandyouthsafetysupport节点,繁华街边缘、咨询机构、青年支援组织和夜间回家路线附近,日本国内の候補エリアとして調査する。,Use as a candidate site type in Japan.,女性和年轻人需要可进入、可求助、可学习的安全空间，适合把庇护、咨询和自立培训结合。,女性と若者安全支援ノードは、女性支援・若者安全・相談・自立を空間化しやすい敷地タイプ。周辺の既存資源、日常利用、公共性を読み取り、卒業設計の候補地として比較できる。,"Design topic: womenandyouthsafetysupport节点 is a site type that can turn women support, youthsafety, consultation, Design topic: 自立 into a spatial proposal. It helps compare existing resources, daily use, and publicness for a thesis project.",,女性支援|青年安全|咨询|自立|繁华街,女性支援|若者安全|相談|自立|繁华街,women support|youthsafety|consultation|Design topic: 自立|Design topic: 繁华街,,draft
SITE-049,交通枢纽城市入口,交通枢纽都市入口,Design topic: transport枢纽urbanentry,新车站、换乘节点、站前广场和再开发街区入口周边,日本国内の候補エリアとして調査する。,Use as a candidate site type in Japan.,交通节点不应只是通行机器，可转为城市入口、活动平台和信息交流的公共客厅。,交通枢纽都市入口は、駅・交通枢纽・都市入口・拠点前広場を空間化しやすい敷地タイプ。周辺の既存資源、日常利用、公共性を読み取り、卒業設計の候補地として比較できる。,"Design topic: transport枢纽urbanentry is a site type that can turn station, Design topic: transport枢纽, urbanentry, Design topic: 站前广场 into a spatial proposal. It helps compare existing resources, daily use, and publicness for a thesis project.",,车站|交通枢纽|城市入口|站前广场|再开发,駅|交通枢纽|都市入口|拠点前広場|再開発,station|Design topic: transport枢纽|urbanentry|Design topic: 站前广场|Design topic: 再开发,,draft
SITE-050,产业遗产文化转换带,産業遺産文化转换带,Design topic: industrial heritageculture转换带,旧发电站、仓库、工厂、港湾工业遗构和大型基础设施退场地,日本国内の候補エリアとして調査する。,Use as a candidate site type in Japan.,大尺度产业遗产适合转为展览、学习、创意生产和城市记忆空间，支持从拆除转向再利用。,産業遺産文化转换带は、産業遺産・発电拠点・倉庫・再利用を空間化しやすい敷地タイプ。周辺の既存資源、日常利用、公共性を読み取り、卒業設計の候補地として比較できる。,"Design topic: industrial heritageculture转换带 is a site type that can turn industrial heritage, Design topic: 发电站, Design topic: 仓库, reuse into a spatial proposal. It helps compare existing resources, daily use, and publicness for a thesis project.",,产业遗产|发电站|仓库|再利用|文化设施,産業遺産|発电拠点|倉庫|再利用|文化施設,industrial heritage|Design topic: 发电站|Design topic: 仓库|reuse|culturefacility,,draft
